timestamp,user_id,session_id,scenario_id,drill_id,rep_idx,bullets_n,rep_start_time,buzzer_start_time,shot_start_time,shot_resolved_time,object_id,object_type,score,valid_hit_recomputed,live_targets,center_x,center_y,center_z,hit_x,hit_y,hit_z,reaction_time_s,radial_error_m,target_row,trigger_press_duration_s,trigger_smoothness,gaze_target_angle_deg,gaze_stability_deg,pupil_diameter_mm,gaze_eye_used,quiet_eye_duration_s,quiet_eye_eye_used
20260601071951,234,2563,11634,001_TargetAcquisition_001,0,1,1780312509262,1780312516757,1780312519291,1780312519310,LINE_1/3/BODY/A,valid,5.0,True,LINE_1/3/BODY/*,0.0,1.1703794,4.993409,0.0242906827,1.24397039,4.98306942,2.534,0.0774962649113632,1.0,0.623,0.013938214992021586,1.4520451153790046,0.35701125930330324,6.169127349130434,right,1.0,right
20260601071951,234,2563,11634,002_TargetAcquisition_002,1,1,1780312522579,1780312526400,1780312528779,1780312528798,LINE_1/4/HEAD/A,valid,5.0,True,LINE_1/4/HEAD/*,1.40179992,1.55463123,4.993409,1.38074,1.54832315,4.983409,2.379,0.021984360434017518,1.0,0.79,0.011697745133475426,1.2729866263454208,0.3138652174925499,6.360176553478261,right,1.0,right
20260601071951,234,2563,11634,003_TargetAcquisition_003,2,1,1780312532477,1780312538017,1780312540298,1780312540317,LINE_1/2/BODY/C,valid,2.0,True,LINE_1/2/BODY/*,-1.4,1.1703794,4.993409,-1.44757557,1.22916567,4.983409,2.281,0.07562579190552514,1.0,0.489,0.013697394504860785,1.1919452923320493,0.4947183156357407,6.490537528000001,right,0.834,right
20260601071951,234,2563,11634,004_TargetAcquisition_004,3,1,1780312544096,1780312548419,1780312550364,1780312550384,LINE_1/1/BODY/C,valid,2.0,True,LINE_1/1/BODY/*,-2.8,1.1703794,4.993409,-2.79494262,1.2961247,4.983409,1.945,0.12584696088723948,1.0,0.644,0.01284865309427895,1.2033179071484839,0.3460460016151396,6.588591762391303,right,1.0,right
20260601071951,234,2563,11634,005_TargetAcquisition_005,4,1,1780312554819,1780312560241,1780312562916,1780312562935,LINE_1/5/HEAD/B,valid,4.0,True,LINE_1/5/HEAD/*,2.8018,1.55463123,4.993409,2.85442281,1.55082452,4.983409,2.675,0.05276031816924715,1.0,0.044,0.027781614609895214,1.3773090178985512,0.3882166692683261,6.563081736739129,right,1.0,right
20260601071951,234,2563,11634,006_TargetAcquisition_006,5,2,1780312566970,1780312571237,1780312573239,1780312573257,LINE_1/1/BODY/C,valid,2.0,True,LINE_1/1/BODY/*,-2.8,1.1703794,4.993409,-2.73889,1.19626856,4.983409,2.002,0.06636776857410208,1.0,0.423,0.04719091877087919,1.2417551648483172,0.2948343381723338,6.616988609555556,right,0.99,right
20260601071951,234,2563,11634,006_TargetAcquisition_006,5,2,1780312566970,1780312571237,1780312573458,1780312573476,LINE_1/1/BODY/A,valid,5.0,True,LINE_1/1/BODY/*,-2.8,1.1703794,4.993409,-2.80417466,1.18451369,4.98306942,2.221,0.014737908261340868,1.0,0.264,0.11332005987879074,1.349384859955087,0.2903243138395811,6.632893288936171,right,0.997,right
20260601071951,234,2563,11634,007_TargetAcquisition_007,6,1,1780312576682,1780312581014,1780312583127,1780312583147,LINE_1/5/HEAD/B,valid,4.0,True,LINE_1/5/HEAD/*,2.8018,1.55463123,4.993409,2.76529,1.50760484,4.983409,2.113,0.05953537987140191,1.0,0.734,0.010993975104776506,1.6332958559507402,0.4558827883641673,6.589789773409091,right,0.567,right
20260601071951,234,2563,11634,008_TargetAcquisition_008,7,1,1780312586859,1780312591600,1780312593378,1780312593397,LINE_1/3/NO-SCORE/NO-SCORE,non-valid,0.0,False,LINE_1/3/HEAD/*,0.0,0.760731339,4.993409,0.114052311,1.58680809,4.98807,1.778,0.8339129020390298,1.0,0.633,0.014791079194115436,7.556346997141269,0.30041188466214225,6.586286710434782,right,0.0,right
20260601071951,234,2563,11634,009_TargetAcquisition_009,8,2,1780312597211,1780312603455,1780312605123,1780312605143,LINE_1/2/BODY/A,valid,5.0,True,LINE_1/2/BODY/*,-1.4,1.1703794,4.993409,-1.37686789,1.15912938,4.98306942,1.668,0.02572270326098131,1.0,0.356,0.03305258097470415,1.6163850315920962,0.2680048334708887,6.679137323111111,right,0.801,right
20260601071951,234,2563,11634,009_TargetAcquisition_009,8,2,1780312597211,1780312603455,1780312605320,1780312605330,LINE_1/2/BODY/C,valid,2.0,True,LINE_1/2/BODY/*,-1.4,1.1703794,4.993409,-1.32409871,1.1506021,4.983409,1.865,0.07843562595500915,1.0,0.53,0.10375482182775121,1.5414320458928654,0.27521484454466044,6.719353798478259,right,0.998,right
20260601071951,234,2563,11634,010_TargetAcquisition_010,9,1,1780312608487,1780312613155,1780312614900,1780312614918,LINE_1/1/HEAD/A,valid,5.0,True,LINE_1/1/HEAD/*,-2.7982,1.55463123,4.993409,-2.835604,1.54470372,4.983409,1.745,0.038699026742285134,1.0,0.445,0.022122781536001064,1.4464621867819518,0.27076040787200145,6.688380171521738,right,1.0,right
20260601071951,234,2563,11634,011_TargetAcquisition_011,10,2,1780312618132,1780312622385,1780312624463,1780312624493,LINE_2/3/BODY/D,valid,1.0,True,LINE_2/3/BODY/*,0.0,1.1703794,9.993409,-0.103107236,1.39761376,9.983409,2.078,0.2495326761772279,2.0,0.423,0.061112470630352356,1.7121052490262798,0.37607938429499416,6.721734794222222,right,0.523,right
20260601071951,234,2563,11634,011_TargetAcquisition_011,10,2,1780312618132,1780312622385,1780312624671,1780312624701,LINE_2/3/NO-SCORE/NO-SCORE,non-valid,0.0,False,LINE_2/3/BODY/*,0.0,0.760731339,9.993409,0.1580343,1.13885474,9.98807,2.286,0.4098196510177334,2.0,0.631,0.0945055255580836,1.5560898337124742,0.2929585250956545,6.724956060212769,right,0.675,right
20260601071951,234,2563,11634,012_TargetAcquisition_012,11,2,1780312628006,1780312634473,1780312636285,1780312636316,LINE_2/3/BODY/A,valid,5.0,True,LINE_2/3/BODY/*,0.0,1.1703794,9.993409,-0.0225242972,1.17834842,9.983069,1.812,0.023892451613727876,2.0,0.444,0.024511282947742928,1.3741519630306396,0.26671771734886873,6.718790982978724,right,1.0,right
20260601071951,234,2563,11634,012_TargetAcquisition_012,11,2,1780312628006,1780312634473,1780312636694,1780312636724,LINE_2/3/BODY/C,valid,2.0,True,LINE_2/3/BODY/*,0.0,1.1703794,9.993409,0.0615503266,1.14247179,9.983409,2.221,0.06758163508290374,2.0,0.519,0.08262724469748699,1.1189433065638783,0.25461544532922964,6.685283926595744,right,0.998,right
20260601071951,234,2563,11634,013_TargetAcquisition_013,12,2,1780312640150,1780312644183,1780312646173,1780312646203,LINE_2/3/BODY/C,valid,2.0,True,LINE_2/3/BODY/*,0.0,1.1703794,9.993409,0.0616606139,1.30599952,9.983409,1.99,0.14897935513130428,2.0,0.277,0.022180411382067906,0.8014236375555691,0.2278495049605993,6.6923562699999986,right,1.0,right
20260601071951,234,2563,11634,013_TargetAcquisition_013,12,2,1780312640150,1780312644183,1780312646571,1780312646602,LINE_2/3/BODY/C,valid,2.0,True,LINE_2/3/BODY/*,0.0,1.1703794,9.993409,0.0264234748,1.25333238,9.983409,2.388,0.0870597318591473,2.0,0.486,0.06940091783793818,0.9473410207109744,0.2611234450965979,6.708929564255319,right,0.997,right
20260601071951,234,2563,11634,014_TargetAcquisition_014,13,1,1780312650062,1780312653661,1780312656484,1780312656516,LINE_2/3/HEAD/A,valid,5.0,True,LINE_2/3/HEAD/*,0.00180000043,1.55463123,9.993409,0.0184047129,1.57034492,9.983409,2.823,0.0228612451460429,2.0,0.022,0.007843135000000001,0.981011078243494,0.36452629153108096,6.7153895076086965,right,1.0,right
20260601071951,234,2563,11634,015_TargetAcquisition_014,14,1,1780312660035,1780312664746,1780312667191,1780312667221,LINE_2/3/NO-SCORE/NO-SCORE,non-valid,0.0,False,LINE_2/3/HEAD/*,0.0,0.760731339,9.993409,-0.0154983932,1.68286109,9.98807,2.445,0.9222599838825839,2.0,0.211,0.014518476977195261,3.623421630154201,0.4488739905839487,6.758249190869564,right,0.0,right
20260601071951,234,2563,11634,016_TargetAcquisition_014,15,1,1780312670813,1780312674979,1780312677225,1780312677256,LINE_2/3/HEAD/A,valid,5.0,True,LINE_2/3/HEAD/*,0.00180000043,1.55463123,9.993409,0.0189413764,1.5441215,9.983409,2.246,0.02010674500802643,2.0,0.655,0.015418400468613402,1.4946496440025239,0.2216431744842898,6.698040064130436,right,1.0,right
20260601071951,234,2563,11634,017_TargetAcquisition_017,16,1,1780312680958,1780312684479,1780312686311,1780312686340,LINE_2/2/HEAD/B,non-valid,4.0,False,LINE_2/2/BODY/*,-1.3982,1.55463123,9.993409,-1.36636138,1.61968672,9.983409,1.832,0.07242868563383227,2.0,0.723,0.010738391024447106,1.713253767132071,0.40157609161204316,6.7597197239130455,right,0.954,right
20260601071951,234,2563,11634,018_TargetAcquisition_017,17,1,1780312689686,1780312693753,1780312696021,1780312696053,LINE_2/2/HEAD/A,non-valid,5.0,False,LINE_2/2/BODY/*,-1.3982,1.55463123,9.993409,-1.36515951,1.567061,9.983409,2.268,0.03530117790801046,2.0,0.866,0.014660757640281704,1.7928345456988537,0.3229282837946654,6.751311230217391,right,0.999,right
20260601071951,234,2563,11634,019_TargetAcquisition_017,18,1,1780312699431,1780312703243,1780312705211,1780312705229,LINE_2/2/NO-SCORE/NO-SCORE,non-valid,0.0,False,LINE_2/2/BODY/*,-1.4,0.760731339,9.993409,-1.1811142,1.25522685,9.98807,1.968,0.5407742632936511,2.0,0.765,0.013125408163264156,1.8940952226214742,0.747977193367087,6.652380131956521,right,0.423,right
20260601071951,234,2563,11634,020_TargetAcquisition_020,19,1,1780312708164,1780312712153,1780312714209,1780312714240,LINE_2/3/NO-SCORE/NO-SCORE,non-valid,0.0,False,LINE_2/3/HEAD/*,0.0,0.760731339,9.993409,-0.128194153,1.68081117,9.98807,2.056,0.9289675108831179,2.0,0.766,0.016712383678563855,3.5405329555993346,0.28371349297737064,6.735336205869565,right,0.0,right
20260601071951,234,2563,11634,021_TargetAcquisition_021,20,1,1780312717252,1780312721606,1780312723564,1780312723593,LINE_2/2/HEAD/B,valid,4.0,True,LINE_2/2/HEAD/*,-1.3982,1.55463123,9.993409,-1.4665072,1.50577188,9.983409,1.958,0.08398279379886382,2.0,0.656,0.018651144523124497,1.4666646073179277,0.2444848045754414,6.724050939130437,right,1.0,right
20260601071951,234,2563,11634,022_TargetAcquisition_022,21,1,1780312727015,1780312731804,1780312734640,1780312734670,LINE_2/4/NO-SCORE/NO-SCORE,non-valid,0.0,False,LINE_2/4/HEAD/*,1.4,0.760731339,9.993409,1.228955,1.233127,9.98807,2.836,0.5024082528747184,2.0,0.012,0.0,2.818447028303617,0.4138219778066329,6.675665463043478,right,0.0,right
20260601071951,234,2563,11634,023_TargetAcquisition_023,22,2,1780312737859,1780312743538,1780312745661,1780312745692,LINE_2/1/BODY/C,valid,2.0,True,LINE_2/1/BODY/*,-2.8,1.1703794,9.993409,-2.73037052,1.19481647,9.983409,2.123,0.07379318989754576,2.0,0.589,0.0186521135095595,1.2686747901083064,0.36320303187130365,6.763402389130436,right,1.0,right
20260601071951,234,2563,11634,023_TargetAcquisition_023,22,2,1780312737859,1780312743538,1780312746115,1780312746145,LINE_2/1/BODY/D,valid,1.0,True,LINE_2/1/BODY/*,-2.8,1.1703794,9.993409,-2.711224,1.16074753,9.983409,2.577,0.08929698256770413,2.0,0.576,0.09183266315759463,1.0144930956863596,0.2703952754114715,6.782868184782608,right,0.998,right
20260601071951,234,2563,11634,024_TargetAcquisition_024,23,2,1780312749459,1780312754900,1780312756934,1780312756964,LINE_2/5/BODY/C,valid,2.0,True,LINE_2/5/BODY/*,2.8,1.1703794,9.993409,2.86772943,1.25058866,9.983409,2.034,0.10498000322857916,2.0,0.755,0.01599231299564508,1.5640537646562649,0.2933895615544535,6.675298754130435,right,1.0,right
20260601071951,234,2563,11634,024_TargetAcquisition_024,23,2,1780312749459,1780312754900,1780312757477,1780312757507,LINE_2/5/BODY/D,valid,1.0,True,LINE_2/5/BODY/*,2.8,1.1703794,9.993409,2.92869449,1.29459441,9.983409,2.577,0.17886207106499738,2.0,0.588,0.04702635131346629,1.5890479994962672,0.19895606760791407,6.689126563555556,right,0.998,right
20260601072107,235,2562,11640,001_TargetAcquisition_001,0,1,1780312568425,1780312575246,1780312577235,1780312577256,LINE_1/3/BODY/C,valid,2.0,True,LINE_1/3/BODY/*,0.0,1.1703794,4.993409,-0.0641728342,1.22526538,4.983409,1.989,0.08444301895255213,1.0,0.366,0.01149452653611234,1.534866462335196,0.423271098968325,7.7936102539130445,right,0.744,right
20260601072107,235,2562,11640,002_TargetAcquisition_002,1,1,1780312582379,1780312588133,1780312590112,1780312590132,LINE_1/4/HEAD/A,valid,5.0,True,LINE_1/4/HEAD/*,1.40179992,1.55463123,4.993409,1.37963843,1.5679388,4.983409,1.979,0.02585001079932079,1.0,0.434,0.015167852531756298,1.426656699717465,0.37119312292947204,7.88952104869565,right,1.0,right
20260601072107,235,2562,11640,003_TargetAcquisition_003,2,1,1780312594022,1780312599866,1780312602045,1780312602064,LINE_1/2/BODY/C,valid,2.0,True,LINE_1/2/BODY/*,-1.4,1.1703794,4.993409,-1.47139156,1.20123124,4.983409,2.179,0.07777268717627812,1.0,0.256,0.015333895927711564,1.5917332833901248,0.2960910145102477,7.961703828,right,0.99,right
20260601072107,235,2562,11640,004_TargetAcquisition_004,3,1,1780312605787,1780312611598,1780312613573,1780312613593,LINE_1/1/BODY/D,valid,1.0,True,LINE_1/1/BODY/*,-2.8,1.1703794,4.993409,-2.8956852,1.16551769,4.983409,1.975,0.09580863073420957,1.0,0.233,0.018296838965537295,1.3632049653950407,0.37506814140083694,7.969738367173913,right,0.997,right
20260601072107,235,2562,11640,005_TargetAcquisition_005,4,1,1780312617049,1780312622772,1780312624529,1780312624548,LINE_1/5/BODY/C,non-valid,2.0,False,LINE_1/5/HEAD/*,2.8,1.1703794,4.993409,2.85371327,1.17897892,4.983409,1.757,0.0543973080062178,1.0,0.278,0.012959939122849942,1.4882188178283453,0.4273697786784427,7.9883598052173905,right,0.99,right
20260601072107,235,2562,11640,006_TargetAcquisition_006,5,2,1780312628661,1780312633660,1780312635707,1780312635726,LINE_1/1/BODY/C,valid,2.0,True,LINE_1/1/BODY/*,-2.8,1.1703794,4.993409,-2.85001564,1.17407727,4.983409,2.047,0.05015215336500043,1.0,0.345,0.01586783408969294,1.3995356933699183,0.4405162083093347,8.172356510869564,right,0.99,right
20260601072107,235,2562,11640,006_TargetAcquisition_006,5,2,1780312628661,1780312633660,1780312637890,1780312637911,LINE_1/1/BODY/A,valid,5.0,True,LINE_1/1/BODY/*,-2.8,1.1703794,4.993409,-2.81367683,1.24068677,4.98306942,4.23,0.07162528851715562,1.0,0.089,0.03302917174614819,1.5343835068466662,0.38735080317874143,7.93305218347826,right,0.996,right
20260601072107,235,2562,11640,007_TargetAcquisition_007,6,1,1780312641945,1780312647402,1780312650425,1780312650446,LINE_1/5/HEAD/A,valid,5.0,True,LINE_1/5/HEAD/*,2.8018,1.55463123,4.993409,2.79479957,1.558138,4.983409,3.023,0.007829652356126822,1.0,0.155,0.013328155540853629,0.9625302697311788,0.2635460734310655,8.02865747369565,right,1.0,right
20260601072107,235,2562,11640,008_TargetAcquisition_008,7,1,1780312654835,1780312660624,1780312662670,1780312662690,LINE_1/3/HEAD/B,valid,4.0,True,LINE_1/3/HEAD/*,0.00180000043,1.55463123,4.993409,-0.05309693,1.57503068,4.983409,2.046,0.05856458427188534,1.0,0.489,0.013699710929365748,1.0338300355346388,0.3188692106056077,8.05114547978261,right,1.0,right
20260601072107,235,2562,11640,009_TargetAcquisition_009,8,2,1780312666435,1780312670879,1780312672935,1780312672956,LINE_1/2/BODY/A,valid,5.0,True,LINE_1/2/BODY/*,-1.4,1.1703794,4.993409,-1.41205144,1.25233364,4.98306942,2.056,0.08283558812522063,1.0,0.266,0.018005760805956596,1.6551480403061085,0.494804707244666,8.06056263956522,right,1.0,right
20260601072107,235,2562,11640,009_TargetAcquisition_009,8,2,1780312666435,1780312670879,1780312673543,1780312673554,LINE_1/2/BODY/C,valid,2.0,True,LINE_1/2/BODY/*,-1.4,1.1703794,4.993409,-1.3432,1.22845042,4.983409,2.664,0.08123104925975276,1.0,0.764,0.05630598472018279,1.4461198509039572,0.2765939664832553,7.994797564565217,right,0.997,right
20260601072107,235,2562,11640,010_TargetAcquisition_010,9,1,1780312678185,1780312684309,1780312686632,1780312686658,LINE_1/1/HEAD/B,valid,4.0,True,LINE_1/1/HEAD/*,-2.7982,1.55463123,4.993409,-2.84919071,1.6228447,4.983409,2.323,0.08516530981417822,1.0,0.422,0.016879295358314495,0.9327359129464634,0.3678552852740484,8.13605904347826,right,1.0,right
20260601072107,235,2562,11640,011_TargetAcquisition_011,10,2,1780312691153,1780312697420,1780312699820,1780312699852,LINE_2/3/BODY/A,valid,5.0,True,LINE_2/3/BODY/*,0.0,1.1703794,9.993409,0.0315116458,1.22090709,9.983069,2.4,0.05954856234839561,2.0,0.6,0.010765898526311981,1.2263921416713102,0.46650452409947085,8.127788489347825,right,0.999,right
20260601072107,235,2562,11640,011_TargetAcquisition_011,10,2,1780312691153,1780312697420,1780312700451,1780312700482,LINE_2/3/BODY/C,valid,2.0,True,LINE_2/3/BODY/*,0.0,1.1703794,9.993409,-0.0553108752,1.11931634,9.983409,3.031,0.07527767937412518,2.0,0.975,0.0365095002935268,1.0207706712784883,0.30659075470581026,8.029499568043477,right,0.997,right
20260601072107,235,2562,11640,012_TargetAcquisition_012,11,2,1780312704551,1780312714470,1780312716593,1780312716625,LINE_2/3/BODY/C,valid,2.0,True,LINE_2/3/BODY/*,0.0,1.1703794,9.993409,-0.07601503,1.269481,9.983409,2.123,0.1248976056954692,2.0,0.144,0.01559901377865932,1.1490342230498372,0.3678262756037786,8.09437061543478,right,1.0,right
20260601072107,235,2562,11640,012_TargetAcquisition_012,11,2,1780312704551,1780312714470,1780312717236,1780312717267,LINE_2/3/BODY/C,valid,2.0,True,LINE_2/3/BODY/*,0.0,1.1703794,9.993409,0.0263267774,1.2965064,9.983409,2.766,0.1288453310650763,2.0,0.776,0.049639932425742515,0.7136231910124173,0.3334928998276565,8.077978182444442,right,0.998,right
20260601072107,235,2562,11640,013_TargetAcquisition_013,12,2,1780312721549,1780312727193,1780312728894,1780312728925,LINE_2/3/BODY/A,valid,5.0,True,LINE_2/3/BODY/*,0.0,1.1703794,9.993409,0.0257857069,1.14859557,9.983069,1.701,0.03375556146476629,2.0,0.1,0.04192979570419024,0.9421321571999698,0.3941046479082817,8.039834850217392,right,1.0,right
20260601072107,235,2562,11640,013_TargetAcquisition_013,12,2,1780312721549,1780312727193,1780312729549,1780312729568,LINE_2/3/BODY/A,valid,5.0,True,LINE_2/3/BODY/*,0.0,1.1703794,9.993409,0.0357442833,1.23267555,9.983069,2.356,0.07182244839500491,2.0,0.744,0.06317170882873338,1.143211525059375,0.430282609754381,8.047570249111109,right,0.998,right
20260601072107,235,2562,11640,014_TargetAcquisition_014,13,1,1780312733192,1780312738077,1780312740456,1780312740487,LINE_2/3/HEAD/B,valid,4.0,True,LINE_2/3/HEAD/*,0.00180000043,1.55463123,9.993409,0.0460515581,1.49561334,9.983409,2.379,0.07376524721217599,2.0,0.722,0.016359158957267514,0.7676399135285162,0.38838814929352367,8.095084295652175,right,1.0,right
20260601072107,235,2562,11640,015_TargetAcquisition_014,14,1,1780312743945,1780312748445,1780312750411,1780312750444,LINE_2/3/NO-SCORE/NO-SCORE,non-valid,0.0,False,LINE_2/3/HEAD/*,0.0,0.760731339,9.993409,-0.07938247,1.43822122,9.98807,1.966,0.6821247066341278,2.0,0.3,0.019642775540281075,5.227203480474653,0.3333046054752409,8.028086784565215,right,0.0,right
20260601072107,235,2562,11640,016_TargetAcquisition_014,15,1,1780312753789,1780312759999,1780312762468,1780312762498,LINE_2/3/NO-SCORE/NO-SCORE,non-valid,0.0,False,LINE_2/3/HEAD/*,0.0,0.760731339,9.993409,0.0484228879,1.649096,9.98807,2.469,0.8896833970498835,2.0,0.745,0.009808072586643778,5.288445822176615,0.43667610579781324,7.976365621739129,right,0.0,right
20260601072107,235,2562,11640,017_TargetAcquisition_017,16,1,1780312766243,1780312771428,1780312773917,1780312773949,LINE_2/2/BODY/C,valid,2.0,True,LINE_2/2/BODY/*,-1.4,1.1703794,9.993409,-1.37710738,1.27070427,9.983409,2.489,0.10290360339162705,2.0,0.478,0.010727453320346943,1.0691169962113245,0.38466450300257315,7.987657475217392,right,0.999,right
20260601072107,235,2562,11640,018_TargetAcquisition_017,17,1,1780312777373,1780312785298,1780312787353,1780312787385,LINE_2/2/BODY/C,valid,2.0,True,LINE_2/2/BODY/*,-1.4,1.1703794,9.993409,-1.37285972,1.283883,9.983409,2.055,0.11670330762852615,2.0,0.478,0.012525880364686775,0.9477851819469724,0.29027338216467,8.022190470217392,right,0.999,right
20260601072107,235,2562,11640,019_TargetAcquisition_017,18,1,1780312791340,1780312797983,1780312799986,1780312800017,LINE_2/2/BODY/C,valid,2.0,True,LINE_2/2/BODY/*,-1.4,1.1703794,9.993409,-1.35016143,1.237984,9.983409,2.003,0.08398967198891111,2.0,0.412,0.009712836312113825,0.7208206727792944,0.26761383874307015,7.920520424888887,right,0.99,right
20260601072107,235,2562,11640,020_TargetAcquisition_020,19,1,1780312803427,1780312808580,1780312810882,1780312810914,LINE_2/3/NO-SCORE/NO-SCORE,non-valid,0.0,False,LINE_2/3/HEAD/*,0.0,0.760731339,9.993409,-0.0485727079,1.64972258,9.98807,2.302,0.8903172100591219,2.0,0.834,0.008412616949384331,5.321543096212268,0.3311868059932187,7.970869981521739,right,0.0,right
20260601072107,235,2562,11640,021_TargetAcquisition_021,20,1,1780312814737,1780312819381,1780312821815,1780312821847,LINE_2/2/HEAD/A,valid,5.0,True,LINE_2/2/HEAD/*,-1.3982,1.55463123,9.993409,-1.36150825,1.56915855,9.983409,2.434,0.039462989552806436,2.0,0.81,0.010932800767747679,0.698393893003598,0.35587179656727663,7.989157611086957,right,1.0,right
20260601072107,235,2562,11640,022_TargetAcquisition_022,21,1,1780312825371,1780312829346,1780312831448,1780312831480,LINE_2/4/NO-SCORE/NO-SCORE,non-valid,0.0,False,LINE_2/4/HEAD/*,1.4,0.760731339,9.993409,1.43338692,1.665769,9.98807,2.102,0.9056532748549179,2.0,0.555,0.010991869281008013,4.746511298258666,0.3649955168727309,8.025054215869563,right,0.0,right
20260601072107,235,2562,11640,023_TargetAcquisition_023,22,2,1780312835415,1780312840177,1780312842067,1780312842098,LINE_2/1/BODY/D,valid,1.0,True,LINE_2/1/BODY/*,-2.8,1.1703794,9.993409,-2.88225222,1.241331,9.983409,1.89,0.10862576691323464,2.0,0.323,0.01262468042351354,1.332980119955027,0.38025926873639704,8.06098507304348,right,0.99,right
20260601072107,235,2562,11640,023_TargetAcquisition_023,22,2,1780312835415,1780312840177,1780312842819,1780312842850,LINE_2/1/BODY/A,valid,5.0,True,LINE_2/1/BODY/*,-2.8,1.1703794,9.993409,-2.82836223,1.21463668,9.983069,2.642,0.05256541566059673,2.0,0.964,0.04066449806883811,0.989233257982754,0.32411412091732994,7.999901573111114,right,0.997,right
20260601072107,235,2562,11640,024_TargetAcquisition_024,23,2,1780312847220,1780312851754,1780312854276,1780312854308,LINE_2/5/BODY/A,valid,5.0,True,LINE_2/5/BODY/*,2.8,1.1703794,9.993409,2.82853937,1.21338582,9.983069,2.522,0.05161441466502662,2.0,0.744,0.012790299012643652,0.7496780689019577,0.37740038419768357,8.15242903217391,right,0.999,right
20260601072107,235,2562,11640,024_TargetAcquisition_024,23,2,1780312847220,1780312851754,1780312854986,1780312855018,LINE_2/5/BODY/C,valid,2.0,True,LINE_2/5/BODY/*,2.8,1.1703794,9.993409,2.862645,1.14310563,9.983409,3.232,0.0683246262705691,2.0,0.998,0.040693622257264014,0.6663584910343349,0.24730825912337195,8.05817744888889,right,0.998,right
20260601072157,237,2564,11635,001_TargetAcquisition_001,0,1,1780312511230,1780312525321,1780312527363,1780312527384,LINE_1/3/BODY/C,valid,2.0,True,LINE_1/3/BODY/*,0.0,1.1703794,4.993409,0.0282499027,1.319071,4.983409,2.042,0.15135140869222022,1.0,0.047,0.0996726458958023,1.6613807935300413,0.6436943333097371,5.777442663333334,right,0.269,right
20260601072157,237,2564,11635,002_TargetAcquisition_002,1,1,1780312532776,1780312541015,1780312543591,1780312543614,LINE_1/4/HEAD/A,valid,5.0,True,LINE_1/4/HEAD/*,1.40179992,1.55463123,4.993409,1.40988481,1.60552633,4.983409,2.576,0.051533257711133484,1.0,0.067,0.0271143376605732,1.9259502225061047,0.6367114434939768,6.150274015111109,right,0.368,right
20260601072157,237,2564,11635,003_TargetAcquisition_003,2,1,1780312548725,1780312572214,1780312574307,1780312574330,LINE_1/2/BODY/C,valid,2.0,True,LINE_1/2/BODY/*,-1.4,1.1703794,4.993409,-1.375042,1.28875113,4.983409,2.093,0.120974246131947,1.0,0.056,0.043058754389181095,1.5177027830233296,0.5749627174049213,6.020023108444444,right,0.502,right
20260601072157,237,2564,11635,004_TargetAcquisition_004,3,1,1780312582996,1780312589077,1780312590693,1780312590716,LINE_1/1/BODY/C,valid,2.0,True,LINE_1/1/BODY/*,-2.8,1.1703794,4.993409,-2.75929832,1.23912287,4.983409,1.616,0.07988924472332481,1.0,0.045,0.004802924582438745,1.2293848840433315,0.5710350651525997,6.165664504444444,right,0.837,right
20260601072157,237,2564,11635,005_TargetAcquisition_005,4,1,1780312596517,1780312602799,1780312604758,1780312604781,LINE_1/5/NO-SCORE/NO-SCORE,non-valid,0.0,False,LINE_1/5/HEAD/*,2.8,0.760731339,4.993409,2.66167784,1.531539,4.98807,1.959,0.7831203420952341,1.0,0.145,0.022351298816760165,7.39984000446319,0.3975014346613886,6.310530791739133,right,0.0,right
20260601072157,237,2564,11635,006_TargetAcquisition_006,5,2,1780312609802,1780312617277,1780312618982,1780312619007,LINE_1/1/BODY/D,valid,1.0,True,LINE_1/1/BODY/*,-2.8,1.1703794,4.993409,-2.71905327,1.2473253,4.983409,1.705,0.11168278571249411,1.0,0.045,0.009998104903142582,1.3840211681166437,0.6668239250746816,6.157775719333335,right,0.991,right
20260601072157,237,2564,11635,006_TargetAcquisition_006,5,2,1780312609802,1780312617277,1780312619504,1780312619527,LINE_1/1/BODY/C,valid,2.0,True,LINE_1/1/BODY/*,-2.8,1.1703794,4.993409,-2.746417,1.19148219,4.983409,2.227,0.05758876309475722,1.0,0.567,0.08935011476318643,1.3496466382190817,0.4326554355428486,6.210774786304347,right,0.989,right
20260601072157,237,2564,11635,007_TargetAcquisition_007,6,1,1780312624138,1780312632159,1780312634387,1780312634410,LINE_1/5/HEAD/B,valid,4.0,True,LINE_1/5/HEAD/*,2.8018,1.55463123,4.993409,2.8716042,1.53394508,4.983409,2.228,0.07280482909438434,1.0,0.056,0.06662511254311919,1.6772807549824558,0.41662302324797273,6.404753423333334,right,0.99,right
20260601072157,237,2564,11635,008_TargetAcquisition_008,7,1,1780312639320,1780312646471,1780312648288,1780312648311,LINE_1/3/HEAD/B,valid,4.0,True,LINE_1/3/HEAD/*,0.00180000043,1.55463123,4.993409,0.00250075478,1.63845313,4.983409,1.817,0.08382482911565668,1.0,0.046,0.06912285381723461,1.6899050657116717,0.44964854035138874,6.342072975555556,right,0.58,right
20260601072157,237,2564,11635,009_TargetAcquisition_009,8,2,1780312653054,1780312660490,1780312662130,1780312662152,LINE_1/2/BODY/A,valid,5.0,True,LINE_1/2/BODY/*,-1.4,1.1703794,4.993409,-1.40158856,1.15998054,4.98306942,1.64,0.010519496764256378,1.0,0.047,0.01592946704024045,1.7595919088839074,0.621139181567439,6.088348302000001,right,0.682,right
20260601072157,237,2564,11635,009_TargetAcquisition_009,8,2,1780312653054,1780312660490,1780312662461,1780312662485,LINE_1/2/BODY/A,valid,5.0,True,LINE_1/2/BODY/*,-1.4,1.1703794,4.993409,-1.38132739,1.17429,4.98306942,1.971,0.019077713609657078,1.0,0.365,0.12475284651686684,1.5992238574290747,0.5546267977473754,6.187111439130434,right,0.99,right
20260601072157,237,2564,11635,010_TargetAcquisition_010,9,1,1780312667519,1780312673457,1780312675464,1780312675486,LINE_1/1/HEAD/A,valid,5.0,True,LINE_1/1/HEAD/*,-2.7982,1.55463123,4.993409,-2.79608941,1.54079819,4.983409,2.007,0.013993126376535698,1.0,0.034,0.01109183394739767,1.6458477920745362,0.6185913877258873,6.38360472177778,right,0.993,right
20260601072157,237,2564,11635,011_TargetAcquisition_011,10,2,1780312679796,1780312686823,1780312688506,1780312688542,LINE_2/3/BODY/A,valid,5.0,True,LINE_2/3/BODY/*,0.0,1.1703794,9.993409,-0.0103185317,1.18994987,9.983069,1.683,0.02212409077148258,2.0,0.045,0.08005068828130023,1.4438699184451322,0.5503826824775441,6.387287019555556,right,0.991,right
20260601072157,237,2564,11635,011_TargetAcquisition_011,10,2,1780312679796,1780312686823,1780312688994,1780312689028,LINE_2/3/BODY/D,valid,1.0,True,LINE_2/3/BODY/*,0.0,1.1703794,9.993409,0.12921685,1.01968825,9.983409,2.171,0.19850646592049598,2.0,0.533,0.08583005235306157,1.1327569250826832,0.51884584062211,6.4622296458695665,right,1.0,right
20260601072157,237,2564,11635,012_TargetAcquisition_012,11,2,1780312694608,1780312702546,1780312704341,1780312704376,LINE_2/3/BODY/D,valid,1.0,True,LINE_2/3/BODY/*,0.0,1.1703794,9.993409,0.0836001262,1.4214263,9.983409,1.795,0.26460069368817973,2.0,0.067,0.030523645007175877,1.1822566587941146,0.4918785622424439,6.298377252888887,right,0.992,right
20260601072157,237,2564,11635,012_TargetAcquisition_012,11,2,1780312694608,1780312702546,1780312704829,1780312704863,LINE_2/3/NO-SCORE/NO-SCORE,non-valid,0.0,False,LINE_2/3/BODY/*,0.0,0.760731339,9.993409,-0.20574899,1.29633367,9.98807,2.283,0.5737617134827434,2.0,0.531,0.10372172142752911,2.8484268937566495,0.6323062132659563,6.408515591956521,right,0.012,right
20260601072157,237,2564,11635,013_TargetAcquisition_013,12,2,1780312709587,1780312719713,1780312721474,1780312721509,LINE_2/3/BODY/A,valid,5.0,True,LINE_2/3/BODY/*,0.0,1.1703794,9.993409,-0.0193156246,1.19488168,9.983069,1.761,0.031200241647886626,2.0,0.067,0.05872176490866701,2.705046770146991,0.824935578217918,6.203065620222222,right,0.0,right
20260601072157,237,2564,11635,013_TargetAcquisition_013,12,2,1780312709587,1780312719713,1780312721961,1780312721996,LINE_2/3/BODY/D,valid,1.0,True,LINE_2/3/BODY/*,0.0,1.1703794,9.993409,-0.08477977,1.410462,9.983409,2.248,0.25461198758898396,2.0,0.554,0.07692610177291541,2.602445550502955,0.9236962986486794,6.30502122173913,right,0.211,right
20260601072157,237,2564,11635,014_TargetAcquisition_014,13,1,1780312726685,1780312739503,1780312742078,1780312742113,LINE_2/3/HEAD/A,valid,5.0,True,LINE_2/3/HEAD/*,0.00180000043,1.55463123,9.993409,-0.005022215,1.5586822,9.983409,2.575,0.007934291481552086,2.0,0.044,0.09314757595016768,0.8519164661613532,0.43128620474003776,6.369628459777776,right,0.992,right
20260601072157,237,2564,11635,015_TargetAcquisition_014,14,1,1780312751066,1780312758217,1780312760612,1780312760647,LINE_2/3/NO-SCORE/NO-SCORE,non-valid,0.0,False,LINE_2/3/HEAD/*,0.0,0.760731339,9.993409,-0.124919429,1.52985728,9.98807,2.395,0.779204451258347,2.0,0.056,0.017361525380493972,4.343879706718919,0.6684457520857827,6.39556975311111,right,0.0,right
20260601072157,237,2564,11635,016_TargetAcquisition_014,15,1,1780312768620,1780312783510,1780312785372,1780312785407,LINE_2/3/NO-SCORE/NO-SCORE,non-valid,0.0,False,LINE_2/3/HEAD/*,0.0,0.760731339,9.993409,-0.10082078,1.61507547,9.98807,1.862,0.8602724707056211,2.0,0.067,0.03952491249278011,4.156943670694533,0.7508715615508527,6.370799135999999,right,0.0,right
20260601072157,237,2564,11635,017_TargetAcquisition_017,16,1,1780312789370,1780312798699,1780312800539,1780312800574,LINE_2/2/BODY/D,valid,1.0,True,LINE_2/2/BODY/*,-1.4,1.1703794,9.993409,-1.43517125,1.390213,9.983409,1.84,0.22262935232246991,2.0,0.045,0.019410798301371508,1.2869043895682077,0.5608661164428304,6.326588712444445,right,0.859,right
20260601072157,237,2564,11635,018_TargetAcquisition_017,17,1,1780312811010,1780312817270,1780312819217,1780312819251,LINE_2/2/BODY/D,valid,1.0,True,LINE_2/2/BODY/*,-1.4,1.1703794,9.993409,-1.295569,1.29768252,9.983409,1.947,0.16465697107239147,2.0,0.057,0.08026867265170906,3.4104800763844163,0.8243818520846545,6.2384228833333335,right,0.001,right
20260601072157,237,2564,11635,019_TargetAcquisition_017,18,1,1780312823271,1780312830077,1780312832596,1780312832629,LINE_2/2/NO-SCORE/NO-SCORE,non-valid,0.0,False,LINE_2/2/BODY/*,-1.4,0.760731339,9.993409,-1.17580843,1.19937074,9.98807,2.519,0.4926117986495082,2.0,0.034,0.06708824668498602,2.6722549796474064,0.7753490262415823,6.329157447777779,right,0.0,right
20260601072157,237,2564,11635,020_TargetAcquisition_020,19,1,1780312836939,1780312842797,1780312845595,1780312845632,LINE_2/3/NO-SCORE/NO-SCORE,non-valid,0.0,False,LINE_2/3/HEAD/*,0.0,0.760731339,9.993409,0.117882431,1.61400306,9.98807,2.798,0.8613761648645564,2.0,0.045,0.023753037162293305,4.091441923956617,0.6048966575033633,6.392790738666666,right,0.0,right
20260601072157,237,2564,11635,021_TargetAcquisition_021,20,1,1780312849470,1780312855937,1780312858177,1780312858243,WallBack_Collider,non-target,0.0,False,LINE_2/2/HEAD/*,0.0,0.0,0.0,-4.273882,1.52224135,23.4695,2.24,4.536880654984636,,0.034,0.0698826830502643,93.85936359208412,0.9876041763353087,6.379079522666667,right,0.0,right
20260601072157,237,2564,11635,022_TargetAcquisition_022,21,1,1780312861786,1780312868536,1780312871089,1780312871123,LINE_2/4/NO-SCORE/NO-SCORE,non-valid,0.0,False,LINE_2/4/HEAD/*,1.4,0.760731339,9.993409,1.29296625,1.63157654,9.98807,2.553,0.8773981922387308,2.0,0.134,0.027049262970918416,3.30018137326169,0.8231948962211642,6.30851152311111,right,0.0,right
20260601072157,237,2564,11635,023_TargetAcquisition_023,22,2,1780312875176,1780312880910,1780312882839,1780312882874,LINE_2/1/BODY/C,valid,2.0,True,LINE_2/1/BODY/*,-2.8,1.1703794,9.993409,-2.75091887,1.3341248,9.983409,1.929,0.17094301197544431,2.0,0.045,0.013968436273203004,1.5117084452626153,0.683719641526021,6.326519303333334,right,0.903,right
20260601072157,237,2564,11635,023_TargetAcquisition_023,22,2,1780312875176,1780312880910,1780312883349,1780312883383,LINE_2/1/BODY/D,valid,1.0,True,LINE_2/1/BODY/*,-2.8,1.1703794,9.993409,-2.67949653,1.23582673,9.983409,2.439,0.13712927946346729,2.0,0.555,0.06464595300487458,2.3765569618919304,0.609443170301663,6.435966354090907,right,0.269,right
20260601072157,237,2564,11635,024_TargetAcquisition_024,23,2,1780312888214,1780312896335,1780312898331,1780312898365,LINE_2/5/BODY/C,valid,2.0,True,LINE_2/5/BODY/*,2.8,1.1703794,9.993409,2.813414,1.08279526,9.983409,1.996,0.08860540037458002,2.0,0.068,0.036816588784213726,1.7578859686704715,0.7709307812799474,6.4189173413333345,right,0.045,right
20260601072157,237,2564,11635,024_TargetAcquisition_024,23,2,1780312888214,1780312896335,1780312898841,1780312898876,LINE_2/5/NO-SCORE/NO-SCORE,non-valid,0.0,False,LINE_2/5/BODY/*,2.8,0.760731339,9.993409,2.561884,1.14731991,9.98807,2.506,0.4540373912838258,2.0,0.566,0.0746046898198311,2.007064127305318,0.5406462104885298,6.403415456666667,right,0.0,right
20260601072221,238,2566,11639,001_TargetAcquisition_001,0,1,1780312565618,1780312580879,1780312584569,1780312584588,LINE_1/3/BODY/C,valid,2.0,True,LINE_1/3/BODY/*,0.0,1.1703794,4.993409,0.0536894165,1.253974,4.983409,3.69,0.09935094661486848,1.0,0.1,0.05989660893879887,0.5244532357783049,0.24280729541267013,6.560264301086956,left,1.0,left
20260601072221,238,2566,11639,002_TargetAcquisition_002,1,1,1780312590901,1780312598642,1780312601066,1780312601086,LINE_1/4/NO-SCORE/NO-SCORE,non-valid,0.0,False,LINE_1/4/HEAD/*,1.4,0.760731339,4.993409,1.25546038,1.54433167,4.98807,2.424,0.7968194152334982,1.0,0.044,0.027520937134790424,6.338450725070762,1.6265448993306404,6.933078502173913,left,0.0,left
20260601072221,238,2566,11639,003_TargetAcquisition_003,2,1,1780312607366,1780312614554,1780312616699,1780312616718,LINE_1/2/BODY/C,valid,2.0,True,LINE_1/2/BODY/*,-1.4,1.1703794,4.993409,-1.35957718,1.10639465,4.983409,2.145,0.07568389927398632,1.0,0.078,0.07611215828116251,1.022608082511651,0.5278945866153872,6.992902106086957,left,0.534,left
20260601072221,238,2566,11639,004_TargetAcquisition_004,3,1,1780312635453,1780312643961,1780312645719,1780312645737,LINE_1/1/BODY/D,valid,1.0,True,LINE_1/1/BODY/*,-2.8,1.1703794,4.993409,-2.68933916,1.15641749,4.983409,1.758,0.11153813894966018,1.0,0.046,0.1236538304023171,1.0328119747986744,0.4945102688769147,6.993102768666667,left,0.635,left
20260601072221,238,2566,11639,005_TargetAcquisition_005,4,1,1780312655236,1780312662569,1780312664469,1780312664490,LINE_1/5/NO-SCORE/NO-SCORE,non-valid,0.0,False,LINE_1/5/HEAD/*,2.8,0.760731339,4.993409,2.71826959,1.64428294,4.98807,1.9,0.8873236678622021,1.0,0.355,0.04567446240684301,6.76281752270315,0.5724594553612744,6.7512212313043465,left,0.0,left
20260601072221,238,2566,11639,006_TargetAcquisition_006,5,2,1780312669068,1780312676476,1780312678476,1780312678496,LINE_1/1/BODY/C,valid,2.0,True,LINE_1/1/BODY/*,-2.8,1.1703794,4.993409,-2.73422551,1.31477356,4.983409,2.0,0.15866933218762105,1.0,0.112,0.05975857859885656,1.454280314256826,0.2989283090590648,6.694680880217393,left,0.911,left
20260601072221,238,2566,11639,006_TargetAcquisition_006,5,2,1780312669068,1780312676476,1780312678822,1780312678837,LINE_1/1/BODY/A,valid,5.0,True,LINE_1/1/BODY/*,-2.8,1.1703794,4.993409,-2.777499,1.25105786,4.98306942,2.346,0.08375744091704072,1.0,0.446,0.10159204630353347,1.387916978425973,0.335024520699528,6.695359207173913,left,0.99,left
20260601072221,238,2566,11639,007_TargetAcquisition_007,6,1,1780312684099,1780312691910,1780312693877,1780312693896,LINE_1/5/NO-SCORE/NO-SCORE,non-valid,0.0,False,LINE_1/5/HEAD/*,2.8,0.760731339,4.993409,2.90206218,1.52364349,4.98807,1.967,0.7697088012552534,1.0,0.055,0.09390170437937749,7.659681051391576,1.5694610952692851,6.937538981304347,left,0.0,left
20260601072221,238,2566,11639,008_TargetAcquisition_008,7,1,1780312697587,1780312703520,1780312705365,1780312705374,LINE_1/3/HEAD/B,valid,4.0,True,LINE_1/3/HEAD/*,0.00180000043,1.55463123,4.993409,-0.029494144,1.51439571,4.983409,1.845,0.05097274316020374,1.0,0.044,0.025640571112338254,1.941700030971014,0.5043124609209093,6.656600123913043,left,0.389,left
20260601072221,238,2566,11639,009_TargetAcquisition_009,8,2,1780312709363,1780312715571,1780312717216,1780312717234,LINE_1/2/BODY/C,valid,2.0,True,LINE_1/2/BODY/*,-1.4,1.1703794,4.993409,-1.36475027,1.28853941,4.983409,1.645,0.12330584506937611,1.0,0.067,0.056790245872648366,2.795764718648546,3.933236052693066,6.427614297234043,left,0.367,left
20260601072221,238,2566,11639,009_TargetAcquisition_009,8,2,1780312709363,1780312715571,1780312717469,1780312717479,LINE_1/2/BODY/C,valid,2.0,True,LINE_1/2/BODY/*,-1.4,1.1703794,4.993409,-1.32808566,1.234909,4.983409,1.898,0.09662164133254822,1.0,0.32,0.13360501954247525,1.4704807436963316,0.6212755843012764,6.470913940434785,left,0.62,left
20260601072221,238,2566,11639,010_TargetAcquisition_010,9,1,1780312724016,1780312731848,1780312733794,1780312733813,LINE_1/1/HEAD/B,valid,4.0,True,LINE_1/1/HEAD/*,-2.7982,1.55463123,4.993409,-2.78012156,1.46805644,4.983409,1.946,0.08844220856795529,1.0,0.144,0.06716235146773815,1.4755109830069169,0.5946956595060471,6.799744797608697,left,0.767,left
20260601072221,238,2566,11639,011_TargetAcquisition_011,10,2,1780312739616,1780312745816,1780312747771,1780312747801,LINE_2/3/BODY/C,valid,2.0,True,LINE_2/3/BODY/*,0.0,1.1703794,9.993409,0.06193766,1.32304955,9.983409,1.955,0.16475572350391365,2.0,0.1,0.03779563788188105,0.6729013091987595,0.44519880849808297,6.729648816086957,left,0.745,left
20260601072221,238,2566,11639,011_TargetAcquisition_011,10,2,1780312739616,1780312745816,1780312748045,1780312748075,LINE_2/3/BODY/A,valid,5.0,True,LINE_2/3/BODY/*,0.0,1.1703794,9.993409,-0.009399294,1.216435,9.983069,2.229,0.047004946750937006,2.0,0.374,0.07817074344645392,0.8448486086956508,0.36179174004289233,6.740022509565218,left,0.997,left
20260601072221,238,2566,11639,012_TargetAcquisition_012,11,2,1780312752599,1780312762986,1780312764764,1780312764795,LINE_2/3/BODY/C,valid,2.0,True,LINE_2/3/BODY/*,0.0,1.1703794,9.993409,0.004652453,1.26004541,9.983409,1.778,0.08978662856036695,2.0,0.121,0.06140192293870421,1.2028672503921733,0.3915557487423679,6.662088340652174,left,0.678,left
20260601072221,238,2566,11639,012_TargetAcquisition_012,11,2,1780312752599,1780312762986,1780312765020,1780312765038,LINE_2/3/BODY/D,valid,1.0,True,LINE_2/3/BODY/*,0.0,1.1703794,9.993409,-0.107409067,1.341953,9.983409,2.034,0.20242086821958463,2.0,0.377,0.10631181569061306,1.2235579124514124,0.38804522107581196,6.707857729361701,left,0.934,left
20260601072221,238,2566,11639,013_TargetAcquisition_013,12,2,1780312769497,1780312775687,1780312777422,1780312777451,LINE_2/3/BODY/D,valid,1.0,True,LINE_2/3/BODY/*,0.0,1.1703794,9.993409,0.09043318,1.09618342,9.983409,1.735,0.11697522598000316,2.0,0.045,0.13293985555824916,1.2493658686606006,0.6607742412328853,6.626102971956521,left,0.533,left
20260601072221,238,2566,11639,013_TargetAcquisition_013,12,2,1780312769497,1780312775687,1780312777696,1780312777727,LINE_2/3/BODY/A,valid,5.0,True,LINE_2/3/BODY/*,0.0,1.1703794,9.993409,-0.0264492258,1.1663568,9.983069,2.009,0.026753370931144105,2.0,0.319,0.13957950205655847,1.0731810284611372,0.43326578064320986,6.6646429129787235,left,0.807,left
20260601072221,238,2566,11639,014_TargetAcquisition_014,13,1,1780312782020,1780312789097,1780312791142,1780312791203,PrpSandBagsWallA1_LOD2.11,non-target,0.0,False,LINE_2/3/HEAD/*,0.0,0.0,0.0,0.46819663,1.89069939,22.7203255,2.045,1.9478070406715673,,0.044,0.1028991459310201,96.8501823202833,0.5147239252036765,6.587148085434781,left,0.0,left
20260601072221,238,2566,11639,015_TargetAcquisition_014,14,1,1780312794864,1780312801041,1780312803053,1780312803083,LINE_2/3/NO-SCORE/NO-SCORE,non-valid,0.0,False,LINE_2/3/HEAD/*,0.0,0.760731339,9.993409,-0.0292309057,1.715178,9.98807,2.012,0.9548941692889801,2.0,0.066,0.05361070531579235,5.113718137461624,0.5053021830541767,6.579088488043478,left,0.0,left
20260601072221,238,2566,11639,016_TargetAcquisition_014,15,1,1780312806336,1780312812305,1780312814449,1780312814480,LINE_2/3/HEAD/A,valid,5.0,True,LINE_2/3/HEAD/*,0.00180000043,1.55463123,9.993409,0.0409665443,1.58249736,9.983409,2.144,0.04806807006628763,2.0,0.021,0.18627449899999998,0.8545759778912019,0.4106723190400501,6.679105952826086,left,0.943,left
20260601072221,238,2566,11639,017_TargetAcquisition_017,16,1,1780312818270,1780312823837,1780312825938,1780312825967,LINE_2/2/BODY/C,valid,2.0,True,LINE_2/2/BODY/*,-1.4,1.1703794,9.993409,-1.39583528,1.269542,9.983409,2.101,0.09925001829439818,2.0,0.067,0.015631706386840537,1.226786347059555,0.3259033981233241,6.712667733478258,left,0.7,left
20260601072221,238,2566,11639,018_TargetAcquisition_017,17,1,1780312830058,1780312838499,1780312840290,1780312840319,LINE_2/2/BODY/D,valid,1.0,True,LINE_2/2/BODY/*,-1.4,1.1703794,9.993409,-1.30307865,1.22261763,9.983409,1.791,0.11010259197382856,2.0,0.056,0.08507543954647367,2.0354920996160852,4.112277322767912,6.592264986086958,left,0.378,left
20260601072221,238,2566,11639,019_TargetAcquisition_017,18,1,1780312844710,1780312851599,1780312853456,1780312853485,LINE_2/2/BODY/D,valid,1.0,True,LINE_2/2/BODY/*,-1.4,1.1703794,9.993409,-1.55173206,1.252186,9.983409,1.857,0.17238021300428774,2.0,0.045,0.07217710653421512,1.3109543642364059,0.3710626396051959,6.584411208478261,left,0.511,left
20260601072221,238,2566,11639,020_TargetAcquisition_020,19,1,1780312857222,1780312863421,1780312865177,1780312865207,LINE_2/3/NO-SCORE/NO-SCORE,non-valid,0.0,False,LINE_2/3/HEAD/*,0.0,0.760731339,9.993409,0.122143425,1.62585747,9.98807,1.756,0.8737060368394851,2.0,0.021,0.05098037800000005,5.188087495411999,0.440821044874003,6.659756564999998,left,0.0,left
20260601072221,238,2566,11639,021_TargetAcquisition_021,20,1,1780312868694,1780312875120,1780312876996,1780312877027,LINE_2/2/NO-SCORE/NO-SCORE,non-valid,0.0,False,LINE_2/2/HEAD/*,-1.4,0.760731339,9.993409,-1.40549827,1.64938211,9.98807,1.876,0.888667780316068,2.0,0.144,0.021907176618547634,5.47912020851303,0.5113938954374658,6.704344866521738,left,0.0,left
20260601072221,238,2566,11639,022_TargetAcquisition_022,21,1,1780312881608,1780312886652,1780312888519,1780312888549,LINE_2/4/NO-SCORE/NO-SCORE,non-valid,0.0,False,LINE_2/4/HEAD/*,1.4,0.760731339,9.993409,1.3509475,1.70481992,9.98807,1.867,0.9453620452138131,2.0,0.022,0.039215685,4.869553222313803,0.4541927835372572,6.595565210869565,left,0.0,left
20260601072221,238,2566,11639,023_TargetAcquisition_023,22,2,1780312892195,1780312898858,1780312900581,1780312900612,LINE_2/1/BODY/D,valid,1.0,True,LINE_2/1/BODY/*,-2.8,1.1703794,9.993409,-2.807385,1.40691948,9.983409,1.723,0.23665533518475,2.0,0.055,0.06138726110201332,3.8638847545425885,5.311831719236552,6.663255895869566,left,0.322,left
20260601072221,238,2566,11639,023_TargetAcquisition_023,22,2,1780312892195,1780312898858,1780312900912,1780312900942,LINE_2/1/BODY/C,valid,2.0,True,LINE_2/1/BODY/*,-2.8,1.1703794,9.993409,-2.8489027,1.34424472,9.983409,2.054,0.1806118035068373,2.0,0.386,0.1286835448830219,1.7230603237751567,0.4819969096478123,6.662015200222222,left,0.653,left
20260601072221,238,2566,11639,024_TargetAcquisition_024,23,2,1780312904836,1780312910103,1780312911714,1780312911744,LINE_2/5/BODY/C,valid,2.0,True,LINE_2/5/BODY/*,2.8,1.1703794,9.993409,2.73326421,1.236457,9.983409,1.611,0.09391440192368809,2.0,0.066,0.043241107365478454,5.348338561864725,6.7758213169500765,6.725898902826089,left,0.277,left
20260601072221,238,2566,11639,024_TargetAcquisition_024,23,2,1780312904836,1780312910103,1780312911944,1780312911974,LINE_2/5/NO-SCORE/NO-SCORE,non-valid,0.0,False,LINE_2/5/BODY/*,2.8,0.760731339,9.993409,2.58220148,1.25167179,9.98807,1.841,0.5370835333002435,2.0,0.285,0.13517052455567038,4.236586471793173,0.47244613334946023,6.68988096909091,left,0.0,left
20260601073738,240,2569,11642,001_TargetAcquisition_001,0,1,1780313576067,1780313598535,1780313601791,1780313601811,LINE_1/3/BODY/C,valid,2.0,True,LINE_1/3/BODY/*,0.0,1.1703794,4.993409,0.0511411726,1.23108292,4.983409,3.256,0.07937466141844876,1.0,0.445,0.02107250003201384,1.484722094805344,0.4481267661347161,5.61064305,left,1.0,left
20260601073738,240,2569,11642,002_TargetAcquisition_002,1,1,1780313605635,1780313610635,1780313613003,1780313613023,LINE_1/4/HEAD/A,valid,5.0,True,LINE_1/4/HEAD/*,1.40179992,1.55463123,4.993409,1.397767,1.603274,4.983409,2.368,0.048809666225034826,1.0,0.645,0.02420148631606321,1.0309744443836382,0.4391819019750513,5.772070183913043,left,1.0,left
20260601073738,240,2569,11642,003_TargetAcquisition_003,2,1,1780313616678,1780313621090,1780313623257,1780313623278,LINE_1/2/BODY/A,valid,5.0,True,LINE_1/2/BODY/*,-1.4,1.1703794,4.993409,-1.4109844,1.23200607,4.98306942,2.167,0.06259795123363773,1.0,0.067,0.023273848004020575,1.2533330454974803,0.5663172964397418,5.8268024273913035,left,1.0,left
20260601073738,240,2569,11642,004_TargetAcquisition_004,3,1,1780313627319,1780313632253,1780313634609,1780313634629,LINE_1/1/BODY/A,valid,5.0,True,LINE_1/1/BODY/*,-2.8,1.1703794,4.993409,-2.77304459,1.20708942,4.98306942,2.356,0.04554360214858374,1.0,0.088,0.05774958813812544,1.1173445421531805,0.29547564976012963,5.791459323913043,left,0.999,left
20260601073738,240,2569,11642,005_TargetAcquisition_005,4,1,1780313638142,1780313643263,1780313645486,1780313645507,LINE_1/5/HEAD/A,valid,5.0,True,LINE_1/5/HEAD/*,2.8018,1.55463123,4.993409,2.809029,1.4974848,4.983409,2.223,0.05760184808445731,1.0,0.066,0.05963492982996394,1.632061038531558,0.6845939777627027,5.891074473478262,left,0.456,left
20260601073738,240,2569,11642,006_TargetAcquisition_006,5,2,1780313648907,1780313652574,1780313654596,1780313654616,LINE_1/1/BODY/A,valid,5.0,True,LINE_1/1/BODY/*,-2.8,1.1703794,4.993409,-2.77567387,1.25083613,4.98306942,2.022,0.08405382800961403,1.0,0.133,0.032959583433804965,1.1537542445676083,0.3774425999082103,5.832305038913043,left,0.755,left
20260601073738,240,2569,11642,006_TargetAcquisition_006,5,2,1780313648907,1780313652574,1780313654871,1780313654892,LINE_1/1/BODY/C,valid,2.0,True,LINE_1/1/BODY/*,-2.8,1.1703794,4.993409,-2.83654,1.15530729,4.983409,2.297,0.039526448105693744,1.0,0.375,0.11399140528584589,1.1106442246633283,0.43960744386358563,5.8487183659090904,left,0.997,left
20260601073738,240,2569,11642,007_TargetAcquisition_007,6,1,1780313657883,1780313662802,1780313665093,1780313665113,LINE_1/5/HEAD/B,valid,4.0,True,LINE_1/5/HEAD/*,2.8018,1.55463123,4.993409,2.82278562,1.62310123,4.983409,2.291,0.07161380555999239,1.0,0.477,0.02419033650880725,1.1109998090623068,0.3931306617822699,5.9049483899999995,left,0.889,left
20260601073738,240,2569,11642,008_TargetAcquisition_008,7,1,1780313668692,1780313673059,1780313675060,1780313675080,LINE_1/3/HEAD/A,valid,5.0,True,LINE_1/3/HEAD/*,0.00180000043,1.55463123,4.993409,0.0314603634,1.54918385,4.983409,2.001,0.030156443430493396,1.0,0.044,0.10676375181324567,0.9151635871528309,0.3826909959506325,5.786225330217392,left,0.844,left
20260601073738,240,2569,11642,009_TargetAcquisition_009,8,2,1780313678036,1780313682158,1780313683837,1780313683859,LINE_1/2/BODY/C,valid,2.0,True,LINE_1/2/BODY/*,-1.4,1.1703794,4.993409,-1.34532762,1.13305938,4.983409,1.679,0.06619556652574858,1.0,0.067,0.026733534350209268,1.173987010676738,0.5811330222494137,5.73968151173913,left,0.933,left
20260601073738,240,2569,11642,009_TargetAcquisition_009,8,2,1780313678036,1780313682158,1780313684068,1780313684088,LINE_1/2/BODY/A,valid,5.0,True,LINE_1/2/BODY/*,-1.4,1.1703794,4.993409,-1.37848592,1.21962249,4.98306942,1.91,0.05373767347954768,1.0,0.275,0.1297591547682482,1.1237714083487127,0.5801212136315356,5.792504065,left,0.998,left
20260601073738,240,2569,11642,010_TargetAcquisition_010,9,1,1780313687736,1780313692654,1780313694766,1780313694786,LINE_1/1/HEAD/A,valid,5.0,True,LINE_1/1/HEAD/*,-2.7982,1.55463123,4.993409,-2.8251214,1.58931851,4.983409,2.112,0.04390864575181519,1.0,0.323,0.02737593569846753,0.8181908997600145,0.2932933452041495,5.843346383555556,left,0.734,left
20260601073738,240,2569,11642,011_TargetAcquisition_011,10,2,1780313697900,1780313702510,1780313704167,1780313704197,LINE_2/3/BODY/C,valid,2.0,True,LINE_2/3/BODY/*,0.0,1.1703794,9.993409,0.05233133,1.30102491,9.983409,1.657,0.14073669522455393,2.0,0.066,0.03706521955214328,0.9428908485495746,0.28626368854022943,5.776172049347826,left,0.756,left
20260601073738,240,2569,11642,011_TargetAcquisition_011,10,2,1780313697900,1780313702510,1780313704376,1780313704409,LINE_2/3/BODY/C,valid,2.0,True,LINE_2/3/BODY/*,0.0,1.1703794,9.993409,-0.07336944,1.19791186,9.983409,1.866,0.07836524152687337,2.0,0.254,0.16402634724290222,0.8537221903955257,0.2699827565714307,5.8147364373913035,left,0.965,left
20260601073738,240,2569,11642,012_TargetAcquisition_012,11,2,1780313707676,1780313711600,1780313713289,1780313713351,WallBack_Collider,non-target,0.0,False,LINE_2/3/BODY/*,0.0,0.0,0.0,-0.7116434,1.380489,23.4695,1.689,1.5531214401599638,,0.033,0.009605849573124109,87.39741866706298,0.49873087865721943,5.674732913333334,left,0.0,left
20260601073738,240,2569,11642,012_TargetAcquisition_012,11,2,1780313707676,1780313711600,1780313713520,1780313713551,LINE_2/3/BODY/D,valid,1.0,True,LINE_2/3/BODY/*,0.0,1.1703794,9.993409,0.0870437548,1.14317954,9.983409,1.92,0.09119455923300537,2.0,0.264,0.12584032921443328,0.5647666256985598,0.3083936742831312,5.700218565434782,left,0.863,left
20260601073738,240,2569,11642,013_TargetAcquisition_013,12,2,1780313717055,1780313721377,1780313723011,1780313723043,LINE_2/3/NO-SCORE/NO-SCORE,non-valid,0.0,False,LINE_2/3/BODY/*,0.0,0.760731339,9.993409,0.184220448,1.41195726,9.98807,1.634,0.6767808904243818,2.0,0.033,0.06580242716265437,2.271772853163315,0.2952044804013639,5.6769746477777785,left,0.41,left
20260601073738,240,2569,11642,013_TargetAcquisition_013,12,2,1780313717055,1780313721377,1780313723230,1780313723261,LINE_2/3/BODY/C,valid,2.0,True,LINE_2/3/BODY/*,0.0,1.1703794,9.993409,-0.0349868648,1.33966494,9.983409,1.853,0.1728631677414974,2.0,0.252,0.14017884084281476,1.0031849921854832,0.27268292144233086,5.68451770106383,left,0.908,left
20260601073738,240,2569,11642,014_TargetAcquisition_014,13,1,1780313726195,1780313730727,1780313732828,1780313732890,PrpSandBagsWallA1_LOD2.4,non-target,0.0,False,LINE_2/3/HEAD/*,0.0,0.0,0.0,-0.461220264,2.0757153,22.8244553,2.101,2.1263391400664005,,0.022,4.999999858590343e-10,88.5759582551734,0.38290530132025413,5.725261731521739,left,0.0,left
20260601073738,240,2569,11642,015_TargetAcquisition_014,14,1,1780313736018,1780313740452,1780313742163,1780313742225,PrpSandBagsWallA1_LOD2.11,non-target,0.0,False,LINE_2/3/HEAD/*,0.0,0.0,0.0,0.669917166,1.98282719,22.7225971,1.711,2.092938765158878,,0.033,0.033886234648141285,91.00358451751046,0.32891877510576706,5.775782620652173,left,0.0,left
20260601073738,240,2569,11642,016_TargetAcquisition_014,15,1,1780313753048,1780313757581,1780313760026,1780313760057,LINE_2/3/NO-SCORE/NO-SCORE,non-valid,0.0,False,LINE_2/3/HEAD/*,0.0,0.760731339,9.993409,-0.17846033,1.714179,9.98807,2.445,0.9700054286704171,2.0,0.044,0.10324883117714442,3.4501557270276426,0.3492559492360414,5.682461585555554,left,0.0,left
20260601073738,240,2569,11642,017_TargetAcquisition_017,16,1,1780313763413,1780313775247,1780313777204,1780313777236,LINE_2/2/BODY/C,valid,2.0,True,LINE_2/2/BODY/*,-1.4,1.1703794,9.993409,-1.44252682,1.169791,9.983409,1.957,0.04253089034892658,2.0,0.033,0.10426423738071731,0.676997642114635,0.3313850620974579,5.810765398913043,left,0.845,left
20260601073738,240,2569,11642,018_TargetAcquisition_017,17,1,1780313780858,1780313785399,1780313787055,1780313787086,LINE_2/2/BODY/C,valid,2.0,True,LINE_2/2/BODY/*,-1.4,1.1703794,9.993409,-1.47510934,1.07544577,9.983409,1.656,0.1210529101682918,2.0,0.033,0.005545917209411225,2.0801010772307316,1.4848271688476995,5.615311668260871,left,0.345,left
20260601073738,240,2569,11642,019_TargetAcquisition_017,18,1,1780313792121,1780313796977,1780313798455,1780313798486,LINE_2/2/NO-SCORE/NO-SCORE,non-valid,0.0,False,LINE_2/2/BODY/*,-1.4,0.760731339,9.993409,-1.237694,0.9919168,9.98807049,1.478,0.282471157844093,2.0,0.022,0.01176469650000006,2.8893903112055104,0.8686341740977587,5.7408280626086965,left,0.011,left
20260601073738,240,2569,11642,020_TargetAcquisition_020,19,1,1780313801443,1780313805765,1780313807767,1780313807798,LINE_2/3/NO-SCORE/NO-SCORE,non-valid,0.0,False,LINE_2/3/HEAD/*,0.0,0.760731339,9.993409,-0.0291472171,1.73029578,9.98807,2.002,0.9700024564485995,2.0,0.033,0.10352413665837654,4.143492716553485,0.47732607314352077,5.831685261956522,left,0.0,left
20260601073738,240,2569,11642,021_TargetAcquisition_021,20,1,1780313810631,1780313814494,1780313818084,1780313818115,LINE_2/2/NO-SCORE/NO-SCORE,non-valid,0.0,False,LINE_2/2/HEAD/*,-1.4,0.760731339,9.993409,-1.50387132,1.70006454,9.98807,3.59,0.9450587884462262,2.0,0.044,0.06540765950083273,3.814140351898242,0.38844465280586354,5.6213951547826095,left,0.0,left
20260601073738,240,2569,11642,022_TargetAcquisition_022,21,1,1780313822116,1780313825650,1780313829474,1780313829506,LINE_2/4/HEAD/A,valid,5.0,True,LINE_2/4/HEAD/*,1.40179992,1.55463123,9.993409,1.39167273,1.58398044,9.983409,3.824,0.031047320414492992,2.0,0.433,0.028151253912103297,0.5441961135128451,0.2296566929107814,5.619968820869565,left,0.999,left
20260601073738,240,2569,11642,023_TargetAcquisition_023,22,2,1780313832363,1780313836195,1780313838273,1780313838305,LINE_2/1/BODY/D,valid,1.0,True,LINE_2/1/BODY/*,-2.8,1.1703794,9.993409,-2.91813135,1.27860355,9.983409,2.078,0.16021074400939841,2.0,0.078,0.03330389660113013,0.6839846002945285,0.26886546394274063,5.7017655558695655,left,1.0,left
20260601073738,240,2569,11642,023_TargetAcquisition_023,22,2,1780313832363,1780313836195,1780313838515,1780313838547,LINE_2/1/BODY/D,valid,1.0,True,LINE_2/1/BODY/*,-2.8,1.1703794,9.993409,-2.69850016,1.29544878,9.983409,2.32,0.16107317384844058,2.0,0.298,0.11911613895159234,0.6073881298099276,0.24714006213011291,5.69782665826087,left,0.998,left
20260601073738,240,2569,11642,024_TargetAcquisition_024,23,2,1780313841468,1780313845478,1780313847068,1780313847099,LINE_2/5/NO-SCORE/NO-SCORE,non-valid,0.0,False,LINE_2/5/BODY/*,2.8,0.760731339,9.993409,2.56511712,1.29547083,9.98807,1.59,0.584051616342283,2.0,0.033,0.03373459202305878,2.9550316566443926,0.532552598348593,5.650220851333334,left,0.055,left
20260601073738,240,2569,11642,024_TargetAcquisition_024,23,2,1780313841468,1780313845478,1780313847288,1780313847320,LINE_2/5/BODY/D,valid,1.0,True,LINE_2/5/BODY/*,2.8,1.1703794,9.993409,2.85625744,1.40196073,9.983409,1.81,0.23831662124141176,2.0,0.253,0.13482818930500184,1.372411302235029,0.5276813191255622,5.7030502737777775,left,0.998,left
20260601073843,244,2572,11641,001_TargetAcquisition_001,0,1,1780313570560,1780313586059,1780313589314,1780313589338,LINE_1/3/BODY/A,valid,5.0,True,LINE_1/3/BODY/*,0.0,1.1703794,4.993409,0.0086436,1.2193321,4.98306942,3.255,0.04970994526500693,1.0,0.034,0.05950225092288207,1.291461650418416,0.2975893438236368,6.48001167711111,left,0.993,left
20260601073843,244,2572,11641,002_TargetAcquisition_002,1,1,1780313613376,1780313617889,1780313619873,1780313619898,LINE_1/4/BODY/D,non-valid,1.0,False,LINE_1/4/HEAD/*,1.4,1.1703794,4.993409,1.27199543,1.14789116,4.983409,1.984,0.12996496019767204,1.0,0.055,0.07199469301258576,1.652154765754027,0.3640835443837337,6.573074709777777,left,0.668,left
20260601073843,244,2572,11641,003_TargetAcquisition_003,2,1,1780313623805,1780313631758,1780313634121,1780313634145,LINE_1/2/BODY/A,valid,5.0,True,LINE_1/2/BODY/*,-1.4,1.1703794,4.993409,-1.4053117,1.22105813,4.98306942,2.363,0.05095633259274946,1.0,0.479,0.02168203853906477,2.015803582417365,0.3058924733191177,6.59089357022222,left,0.87,left
20260601073843,244,2572,11641,004_TargetAcquisition_004,3,1,1780313637328,1780313642391,1780313644308,1780313644334,LINE_1/1/BODY/D,valid,1.0,True,LINE_1/1/BODY/*,-2.8,1.1703794,4.993409,-2.92542553,1.0957011,4.983409,1.917,0.1459740116139546,1.0,0.066,0.0642686760265924,1.9321496687861135,0.388174329679188,6.615942509777777,left,0.601,left
20260601073843,244,2572,11641,005_TargetAcquisition_005,4,1,1780313647615,1780313651537,1780313654122,1780313654147,LINE_1/5/HEAD/A,valid,5.0,True,LINE_1/5/HEAD/*,2.8018,1.55463123,4.993409,2.79506183,1.48641157,4.983409,2.585,0.06855162248601053,1.0,0.1,0.03761940431701026,2.6208833188098977,0.26992922864739877,6.6257465365217385,left,0.5,left
20260601073843,244,2572,11641,006_TargetAcquisition_006,5,2,1780313658433,1780313663968,1780313665863,1780313665888,LINE_1/1/BODY/D,valid,1.0,True,LINE_1/1/BODY/*,-2.8,1.1703794,4.993409,-2.77820754,1.37707686,4.983409,1.895,0.207843092941053,1.0,0.067,0.04999892725228082,2.784035040465643,0.32929577925340886,6.467959081999999,left,0.257,left
20260601073843,244,2572,11641,006_TargetAcquisition_006,5,2,1780313658433,1780313663968,1780313668714,1780313668738,LINE_1/1/BODY/C,valid,2.0,True,LINE_1/1/BODY/*,-2.8,1.1703794,4.993409,-2.81956244,1.34140158,4.983409,4.746,0.17213737278901992,1.0,0.079,0.05540838713198732,3.0100870182440596,0.45880683310747555,6.675270431521738,left,0.146,left
20260601073843,244,2572,11641,007_TargetAcquisition_007,6,1,1780313672088,1780313676566,1780313679285,1780313679310,LINE_1/5/HEAD/B,valid,4.0,True,LINE_1/5/HEAD/*,2.8018,1.55463123,4.993409,2.73766232,1.56108534,4.983409,2.719,0.06446159734038939,1.0,0.413,0.11557813776410968,2.101525365794286,0.24363598697999242,6.732428469333333,left,0.992,left
20260601073843,244,2572,11641,008_TargetAcquisition_008,7,1,1780313682836,1780313688926,1780313691144,1780313691168,LINE_1/3/NO-SCORE/NO-SCORE,non-valid,0.0,False,LINE_1/3/HEAD/*,0.0,0.760731339,4.993409,-0.15016304,1.61172259,4.98807,2.218,0.8641383268091901,1.0,0.068,0.015466890960143777,7.153823374085993,0.2776089931912149,6.627712159111111,left,0.0,left
20260601073843,244,2572,11641,009_TargetAcquisition_009,8,2,1780313694664,1780313699675,1780313701793,1780313701819,LINE_1/2/BODY/C,valid,2.0,True,LINE_1/2/BODY/*,-1.4,1.1703794,4.993409,-1.355187,1.21413136,4.983409,2.118,0.06262937787365928,1.0,0.043,0.022270249302151508,3.124090110941993,0.4972103401270912,6.446002512444445,left,0.167,left
20260601073843,244,2572,11641,009_TargetAcquisition_009,8,2,1780313694664,1780313699675,1780313702136,1780313702162,LINE_1/2/BODY/C,valid,2.0,True,LINE_1/2/BODY/*,-1.4,1.1703794,4.993409,-1.34795773,1.17382789,4.983409,2.461,0.052156398936592456,1.0,0.386,0.12691794994355884,2.5308851061868554,0.33134384394613803,6.525004531086958,left,0.001,left
20260601073843,244,2572,11641,010_TargetAcquisition_010,9,1,1780313705423,1780313709444,1780313711495,1780313711520,LINE_1/1/HEAD/B,valid,4.0,True,LINE_1/1/HEAD/*,-2.7982,1.55463123,4.993409,-2.75266719,1.58197212,4.983409,2.051,0.05311083742973944,1.0,0.279,0.03477049452109759,1.9951355675739384,0.5628643201220815,6.556897869333334,left,0.335,left
20260601073843,244,2572,11641,011_TargetAcquisition_011,10,2,1780313714609,1780313719386,1780313721539,1780313721575,LINE_2/3/BODY/A,valid,5.0,True,LINE_2/3/BODY/*,0.0,1.1703794,9.993409,0.018426301,1.1820128,9.983069,2.153,0.021791387383611017,2.0,0.089,0.02276114893701164,3.3784040569124607,0.3272342332487883,6.354837091777777,left,0.001,left
20260601073843,244,2572,11641,011_TargetAcquisition_011,10,2,1780313714609,1780313719386,1780313722149,1780313722186,LINE_2/3/BODY/A,valid,5.0,True,LINE_2/3/BODY/*,0.0,1.1703794,9.993409,0.003832038,1.11328793,9.983069,2.763,0.05721993063604978,2.0,0.699,0.10415582470667335,3.3246396282885127,0.30619156286695604,6.422011401555556,left,0.0,left
20260601073843,244,2572,11641,012_TargetAcquisition_012,11,2,1780313726140,1780313731153,1780313733281,1780313733316,LINE_2/3/BODY/A,valid,5.0,True,LINE_2/3/BODY/*,0.0,1.1703794,9.993409,-0.0134900631,1.15478492,9.983069,2.128,0.020619641338112164,2.0,0.102,0.02471782975433134,2.829042254152759,0.2771238576151339,6.510284452666664,left,0.001,left
20260601073843,244,2572,11641,012_TargetAcquisition_012,11,2,1780313726140,1780313731153,1780313733735,1780313733771,LINE_2/3/BODY/C,valid,2.0,True,LINE_2/3/BODY/*,0.0,1.1703794,9.993409,0.0585840642,1.06648183,9.983409,2.582,0.11927614023808207,2.0,0.556,0.09260301008225648,2.6555994627035036,0.2714170007323264,6.55109932673913,left,0.0,left
20260601073843,244,2572,11641,013_TargetAcquisition_013,12,2,1780313737099,1780313742579,1780313745021,1780313745057,LINE_2/3/BODY/C,valid,2.0,True,LINE_2/3/BODY/*,0.0,1.1703794,9.993409,0.05243632,1.242354,9.983409,2.442,0.08905004604323562,2.0,0.079,0.030939382076697847,2.3896433433535793,0.21910167333314268,6.4808196137777765,left,0.501,left
20260601073843,244,2572,11641,013_TargetAcquisition_013,12,2,1780313737099,1780313742579,1780313745475,1780313745510,LINE_2/3/NO-SCORE/NO-SCORE,non-valid,0.0,False,LINE_2/3/BODY/*,0.0,0.760731339,9.993409,-0.1544626,1.18083882,9.98807,2.896,0.44760360855440534,2.0,0.511,0.11410089748601372,0.46860710034757636,0.24554853575521376,6.559216037391306,left,1.0,left
20260601073843,244,2572,11641,014_TargetAcquisition_014,13,1,1780313748906,1780313753728,1780313756481,1780313756516,LINE_2/3/HEAD/B,valid,4.0,True,LINE_2/3/HEAD/*,0.00180000043,1.55463123,9.993409,0.06555482,1.55025029,9.983409,2.753,0.06390516140099214,2.0,0.134,0.014918573435293408,2.137976166660059,0.2979499455924765,6.533687486000002,left,0.992,left
20260601073843,244,2572,11641,015_TargetAcquisition_014,14,1,1780313760189,1780313764451,1780313766903,1780313766969,PrpSandBagsWallA1_LOD2.11,non-target,0.0,False,LINE_2/3/HEAD/*,0.0,0.0,0.0,0.501884937,1.98227453,22.65915,2.452,2.04482292687514,,0.179,0.030987215877485378,91.36808329406864,0.28301226954464004,6.712271400444445,left,0.0,left
20260601073843,244,2572,11641,016_TargetAcquisition_014,15,1,1780313770601,1780313774990,1780313778210,1780313778245,LINE_2/3/HEAD/B,valid,4.0,True,LINE_2/3/HEAD/*,0.00180000043,1.55463123,9.993409,-0.0427662,1.62309384,9.983409,3.22,0.08169011683661014,2.0,0.111,0.007734541176624667,2.7660983106404413,0.40030680126818957,6.713872531777776,left,0.357,left
20260601073843,244,2572,11641,017_TargetAcquisition_017,16,1,1780313781941,1780313786693,1780313788867,1780313788902,LINE_2/2/BODY/D,valid,1.0,True,LINE_2/2/BODY/*,-1.4,1.1703794,9.993409,-1.48125648,1.14350319,9.983409,2.174,0.08558589957437229,2.0,0.435,0.015840854585840933,2.764392197279034,0.3329741120928867,6.591903172888889,left,0.268,left
20260601073843,244,2572,11641,018_TargetAcquisition_017,17,1,1780313793779,1780313798668,1780313800664,1780313800700,LINE_2/2/BODY/D,valid,1.0,True,LINE_2/2/BODY/*,-1.4,1.1703794,9.993409,-1.27639675,1.41158962,9.983409,1.996,0.271035299625364,2.0,0.067,0.013346768657258125,2.796351083570405,0.30462244181356296,6.452057289555555,left,0.379,left
20260601073843,244,2572,11641,019_TargetAcquisition_017,18,1,1780313804751,1780313809440,1780313811535,1780313811570,LINE_2/2/BODY/C,valid,2.0,True,LINE_2/2/BODY/*,-1.4,1.1703794,9.993409,-1.35868168,1.094204,9.983409,2.095,0.08665965112312891,2.0,0.546,0.022673223566506355,1.4212931503584056,0.29006703959488467,6.732313510000001,left,0.99,left
20260601073843,244,2572,11641,020_TargetAcquisition_020,19,1,1780313815253,1780313820831,1780313823552,1780313823586,LINE_2/3/HEAD/B,valid,4.0,True,LINE_2/3/HEAD/*,0.00180000043,1.55463123,9.993409,-0.06564871,1.55023015,9.983409,2.721,0.06759214483826055,2.0,0.736,0.010076513480678282,1.592439461308825,0.25758466808419705,6.822950689555557,left,0.514,left
20260601073843,244,2572,11641,021_TargetAcquisition_021,20,1,1780313826892,1780313833319,1780313835704,1780313835739,LINE_2/2/HEAD/B,valid,4.0,True,LINE_2/2/HEAD/*,-1.3982,1.55463123,9.993409,-1.36978841,1.4805975,9.983409,2.385,0.07929824477276286,2.0,0.614,0.014565363413643924,1.496159232375439,0.22955488329548815,6.745449288666668,left,0.992,left
20260601073843,244,2572,11641,022_TargetAcquisition_022,21,1,1780313838898,1780313844146,1780313846386,1780313846421,LINE_2/4/NO-SCORE/NO-SCORE,non-valid,0.0,False,LINE_2/4/HEAD/*,1.4,0.760731339,9.993409,1.33143151,1.698105,9.98807,2.24,0.9398781932556064,2.0,0.68,0.020126767237337754,3.7936726804417384,0.25209076450831763,6.7440496028888886,left,0.0,left
20260601073843,244,2572,11641,023_TargetAcquisition_023,22,2,1780313849469,1780313854392,1780313856722,1780313856757,LINE_2/1/BODY/D,valid,1.0,True,LINE_2/1/BODY/*,-2.8,1.1703794,9.993409,-2.6818943,1.28456688,9.983409,2.33,0.1642794477749433,2.0,0.135,0.029445391940407475,1.7551439103729947,0.3276610740147703,6.657994052173912,left,0.993,left
20260601073843,244,2572,11641,023_TargetAcquisition_023,22,2,1780313849469,1780313854392,1780313857409,1780313857445,LINE_2/1/BODY/A,valid,5.0,True,LINE_2/1/BODY/*,-2.8,1.1703794,9.993409,-2.797346,1.186347,9.983069,3.017,0.016186660117516447,2.0,0.8,0.05872015521652196,1.453854468848206,0.3469606489913156,6.804337406888887,left,0.991,left
20260601073843,244,2572,11641,024_TargetAcquisition_024,23,2,1780313861609,1780313866199,1780313868406,1780313868441,LINE_2/5/BODY/D,valid,1.0,True,LINE_2/5/BODY/*,2.8,1.1703794,9.993409,2.884539,1.36689782,9.983409,2.207,0.213930670826547,2.0,0.258,0.018701832088807626,2.8337522904440533,0.2096881621299704,6.502666397391304,left,0.035,left
20260601073843,244,2572,11641,024_TargetAcquisition_024,23,2,1780313861609,1780313866199,1780313868881,1780313868917,LINE_2/5/BODY/A,valid,5.0,True,LINE_2/5/BODY/*,2.8,1.1703794,9.993409,2.78306675,1.18195629,9.983069,2.682,0.02051241910732588,2.0,0.676,0.06571857280051364,2.587679664354742,0.29679382492220285,6.584994830217392,left,0.51,left
20260601073914,243,2570,11646,001_TargetAcquisition_001,0,1,1780313622034,1780313630462,1780313633009,1780313633030,LINE_1/3/BODY/C,valid,2.0,True,LINE_1/3/BODY/*,0.0,1.1703794,4.993409,0.008503209,1.26800251,4.983409,2.547,0.09799273528874364,1.0,0.446,0.021496984498225787,2.509287681149866,1.1728708818621862,6.543750784222221,right,0.201,right
20260601073914,243,2570,11646,002_TargetAcquisition_002,1,1,1780313637684,1780313642830,1780313645175,1780313645197,LINE_1/4/NO-SCORE/NO-SCORE,non-valid,0.0,False,LINE_1/4/HEAD/*,1.4,0.760731339,4.993409,1.32578468,1.49427843,4.98807,2.345,0.7372918339689276,1.0,0.323,0.05215501616763606,9.293932593081717,0.8956472209936425,6.711772091555555,right,0.0,right
20260601073914,243,2570,11646,003_TargetAcquisition_003,2,1,1780313649329,1780313654795,1780313656382,1780313656404,LINE_1/2/BODY/C,valid,2.0,True,LINE_1/2/BODY/*,-1.4,1.1703794,4.993409,-1.352895,1.11270022,4.983409,1.587,0.07446991896378297,1.0,0.022,0.009803900000000032,6.3369789907238605,1.480299733350964,6.7819678246666655,right,0.0,left
20260601073914,243,2570,11646,005_TargetAcquisition_005,4,1,1780313679691,1780313685557,1780313688014,1780313688036,LINE_1/5/HEAD/B,valid,4.0,True,LINE_1/5/HEAD/*,2.8018,1.55463123,4.993409,2.8347683,1.491471,4.983409,2.457,0.07124691894070152,1.0,0.067,0.04822448073401726,3.179538571548568,1.060027057105088,7.176858635813955,right,0.0,right
20260601073914,243,2570,11646,006_TargetAcquisition_006,5,2,1780313693124,1780313698756,1780313700934,1780313700955,LINE_1/1/BODY/C,valid,2.0,True,LINE_1/1/BODY/*,-2.8,1.1703794,4.993409,-2.738987,1.1744678,4.983409,2.178,0.061149825703431054,1.0,0.043,0.08779300340114701,2.5313840193605164,0.786675507243036,6.755025903043478,right,0.034,right
20260601073914,243,2570,11646,006_TargetAcquisition_006,5,2,1780313693124,1780313698756,1780313701144,1780313701165,LINE_1/1/BODY/C,valid,2.0,True,LINE_1/1/BODY/*,-2.8,1.1703794,4.993409,-2.73012543,1.22667,4.983409,2.388,0.08972785064318009,1.0,0.253,0.13252568679376192,2.3460323478129355,0.8237978782433771,6.75728399978261,right,0.001,right
20260601073914,243,2570,11646,007_TargetAcquisition_007,6,1,1780313706055,1780313712960,1780313715651,1780313715671,LINE_1/5/HEAD/A,valid,5.0,True,LINE_1/5/HEAD/*,2.8018,1.55463123,4.993409,2.812603,1.55138671,4.983409,2.691,0.011279703853843078,1.0,0.135,0.01936670995208709,2.940453395534487,0.8678728968541122,7.054347360222221,right,0.079,right
20260601073914,243,2570,11646,008_TargetAcquisition_008,7,1,1780313720583,1780313726260,1780313728607,1780313728628,LINE_1/3/HEAD/B,valid,4.0,True,LINE_1/3/HEAD/*,0.00180000043,1.55463123,4.993409,0.039236173,1.59140527,4.983409,2.347,0.052476633224821365,1.0,0.046,0.10794557307923748,4.365235186702165,1.0070632497092644,6.5009512721739116,right,0.023,right
20260601073914,243,2570,11646,009_TargetAcquisition_009,8,2,1780313732584,1780313742224,1780313744226,1780313744247,LINE_1/2/BODY/D,valid,1.0,True,LINE_1/2/BODY/*,-1.4,1.1703794,4.993409,-1.31838059,1.25491226,4.983409,2.002,0.11750545735636138,1.0,0.033,0.01763493346588656,3.6673117755295492,1.5286433109969577,6.74139835488889,right,1.0,left
20260601073914,243,2570,11646,009_TargetAcquisition_009,8,2,1780313732584,1780313742224,1780313744513,1780313744534,LINE_1/2/BODY/C,valid,2.0,True,LINE_1/2/BODY/*,-1.4,1.1703794,4.993409,-1.33913052,1.25667715,4.983409,2.289,0.10560490164065714,1.0,0.32,0.12734704465074423,5.200984645476615,1.324420408587671,6.707371167173913,right,0.0,right
20260601073914,243,2570,11646,010_TargetAcquisition_010,9,1,1780313751193,1780313757469,1780313759794,1780313759815,LINE_1/1/NO-SCORE/NO-SCORE,non-valid,0.0,False,LINE_1/1/HEAD/*,-2.8,0.760731339,4.993409,-2.64904237,1.54143226,4.98807,2.325,0.7951617031179666,1.0,0.991,0.06321948627035212,6.863110410420644,1.0292966488401363,6.599997600666666,right,0.0,left
20260601073914,243,2570,11646,011_TargetAcquisition_011,10,2,1780313765181,1780313770812,1780313773294,1780313773313,LINE_2/3/BODY/C,valid,2.0,True,LINE_2/3/BODY/*,0.0,1.1703794,9.993409,-0.0445161052,1.281837,9.983409,2.482,0.12001866613130405,2.0,0.067,0.0159562920776744,8.909082509099058,3.1520632024640536,6.797652290666667,right,0.0,right
20260601073914,243,2570,11646,011_TargetAcquisition_011,10,2,1780313765181,1780313770812,1780313773577,1780313773610,LINE_2/3/BODY/C,valid,2.0,True,LINE_2/3/BODY/*,0.0,1.1703794,9.993409,-0.0201956518,1.29992068,9.983409,2.765,0.131106092824343,2.0,0.35,0.11793240620661706,5.157393732571475,2.5735379590049727,6.697602269565215,right,0.0,right
20260601073914,243,2570,11646,012_TargetAcquisition_012,11,2,1780313778244,1780313784045,1780313786279,1780313786311,LINE_2/3/NO-SCORE/NO-SCORE,non-valid,0.0,False,LINE_2/3/BODY/*,0.0,0.760731339,9.993409,-0.191166013,1.18952191,9.98807,2.234,0.4694739591338611,2.0,0.055,0.0774685998482326,7.117935887950587,1.2083717318294909,6.919296902499999,right,0.0,left
20260601073914,243,2570,11646,012_TargetAcquisition_012,11,2,1780313778244,1780313784045,1780313786510,1780313786572,PrpSandBagsWallA1_LOD2.8,non-target,0.0,False,LINE_2/3/BODY/*,0.0,0.0,0.0,-0.8057116,0.5053945,22.592308,2.465,0.9511018783520564,,0.286,0.14076180633516452,92.59364563768325,0.9801115991058409,7.0618674152173915,right,0.0,right
20260601073914,243,2570,11646,013_TargetAcquisition_013,12,2,1780313793255,1780313801409,1780313803266,1780313803298,LINE_2/3/NO-SCORE/NO-SCORE,non-valid,0.0,False,LINE_2/3/BODY/*,0.0,0.760731339,9.993409,0.008884716,1.68629074,9.98807,1.857,0.925602043514317,2.0,0.046,0.04652474212870504,5.667913082156308,1.1758652941232874,7.1243107428888885,right,0.0,left
20260601073914,243,2570,11646,013_TargetAcquisition_013,12,2,1780313793255,1780313801409,1780313803473,1780313803506,LINE_2/3/NO-SCORE/NO-SCORE,non-valid,0.0,False,LINE_2/3/BODY/*,0.0,0.760731339,9.993409,-0.2412514,1.39571512,9.98807,2.064,0.6792691956323471,2.0,0.253,0.1572499783855611,5.145602963928083,0.7632922737108886,7.114670738913043,right,0.0,right
20260601073914,243,2570,11646,014_TargetAcquisition_014,13,1,1780313811396,1780313817029,1780313819571,1780313819604,LINE_2/3/NO-SCORE/NO-SCORE,non-valid,0.0,False,LINE_2/3/HEAD/*,0.0,0.760731339,9.993409,0.07413411,1.67360044,9.98807,2.542,0.9158743701109013,2.0,0.997,0.06406125844103042,8.45327057876931,0.7744421232422349,6.978216425869564,right,0.0,right
20260601073914,243,2570,11646,015_TargetAcquisition_014,14,1,1780313823558,1780313830403,1780313832795,1780313832826,LINE_2/3/NO-SCORE/NO-SCORE,non-valid,0.0,False,LINE_2/3/HEAD/*,0.0,0.760731339,9.993409,0.0700560138,1.62832046,9.98807,2.392,0.8704129640274774,2.0,0.458,0.037782534445182994,4.557121925406077,0.6845868635027526,6.902828290444445,right,0.0,right
20260601073914,243,2570,11646,016_TargetAcquisition_014,15,1,1780313839837,1780313846158,1780313848559,1780313848590,LINE_2/3/BODY/D,non-valid,1.0,False,LINE_2/3/HEAD/*,0.0,1.1703794,9.993409,-0.0291006826,1.41187525,9.983409,2.401,0.24324287306107947,2.0,0.4,0.029353407135323435,4.765357949578197,0.7239678769107193,6.957531857826086,right,0.0,right
20260601073914,243,2570,11646,017_TargetAcquisition_017,16,1,1780313853314,1780313858676,1780313860554,1780313860586,LINE_2/2/BODY/D,valid,1.0,True,LINE_2/2/BODY/*,-1.4,1.1703794,9.993409,-1.39244747,1.39676046,9.983409,1.878,0.22650700880132718,2.0,0.054,0.026177749950565668,2.4634164589669085,0.9959738181360283,6.703152497608695,right,0.276,right
20260601073914,243,2570,11646,018_TargetAcquisition_017,17,1,1780313866288,1780313870266,1780313872911,1780313872943,LINE_2/2/BODY/D,valid,1.0,True,LINE_2/2/BODY/*,-1.4,1.1703794,9.993409,-1.39112544,1.37916708,9.983409,2.645,0.20897620231733557,2.0,0.1,0.03519445805696769,3.927358159951178,0.834125239694843,7.012750863478259,right,0.012,right
20260601073914,243,2570,11646,019_TargetAcquisition_017,18,1,1780313877133,1780313881188,1780313883488,1780313883520,LINE_2/2/BODY/A,valid,5.0,True,LINE_2/2/BODY/*,-1.4,1.1703794,9.993409,-1.3659966,1.22513378,9.983069,2.3,0.06445365265634205,2.0,0.067,0.030663285120094367,3.4414764657776042,0.6997840487155285,6.924024451707317,right,0.0,right
20260601073914,243,2570,11646,020_TargetAcquisition_020,19,1,1780313887348,1780313891772,1780313894563,1780313894595,LINE_2/3/NO-SCORE/NO-SCORE,non-valid,0.0,False,LINE_2/3/HEAD/*,0.0,0.760731339,9.993409,-0.0940220654,1.59228706,9.98807,2.791,0.8368542680239563,2.0,0.056,0.004295856301281794,6.186898868807093,0.727932559382678,6.861992879555556,right,0.0,right
20260601073914,243,2570,11646,021_TargetAcquisition_021,20,1,1780313898330,1780313905883,1780313908363,1780313908395,LINE_2/2/NO-SCORE/NO-SCORE,non-valid,0.0,False,LINE_2/2/HEAD/*,-1.4,0.760731339,9.993409,-1.27406073,1.6313436,9.98807,2.48,0.8796740354993233,2.0,0.123,0.02714134481303062,5.200639550787087,0.6515517075631334,6.567462518888889,right,0.0,right
20260601073914,243,2570,11646,022_TargetAcquisition_022,21,1,1780313912940,1780313916471,1780313919802,1780313919835,LINE_2/4/HEAD/A,valid,5.0,True,LINE_2/4/HEAD/*,1.40179992,1.55463123,9.993409,1.43667924,1.56008029,9.983409,3.331,0.035302396781889955,2.0,0.434,0.018911459084277268,3.0416906020546914,0.6108568458567928,6.987891878444445,right,0.0,right
20260601073914,243,2570,11646,023_TargetAcquisition_023,22,2,1780313923735,1780313927890,1780313930036,1780313930069,LINE_2/1/BODY/C,valid,2.0,True,LINE_2/1/BODY/*,-2.8,1.1703794,9.993409,-2.722314,1.19053471,9.983409,2.146,0.0802580283659902,2.0,0.167,0.02530146066940156,2.869488618059476,0.5337287903913189,6.803411474,right,0.045,right
20260601073914,243,2570,11646,023_TargetAcquisition_023,22,2,1780313923735,1780313927890,1780313930357,1780313930388,LINE_2/1/BODY/D,valid,1.0,True,LINE_2/1/BODY/*,-2.8,1.1703794,9.993409,-2.681529,1.28555179,9.983409,2.467,0.16522728969305306,2.0,0.477,0.06784465708357763,2.6734427441164685,0.46161624142143376,6.837359958043478,right,0.169,right
20260601073914,243,2570,11646,024_TargetAcquisition_024,23,2,1780313933978,1780313938467,1780313941070,1780313941102,LINE_2/5/HEAD/B,non-valid,4.0,False,LINE_2/5/BODY/*,2.8018,1.55463123,9.993409,2.83779931,1.51184,9.983409,2.603,0.0559199399623156,2.0,0.134,0.01838217525399351,2.651261635770797,0.8257890575631918,7.046255748888888,right,0.001,right
20260601073914,243,2570,11646,024_TargetAcquisition_024,23,2,1780313933978,1780313938467,1780313941367,1780313941401,LINE_2/5/BODY/C,valid,2.0,True,LINE_2/5/BODY/*,2.8,1.1703794,9.993409,2.78878522,1.28159249,9.983409,2.9,0.11177711160070508,2.0,0.409,0.08009647951989948,2.456908734616985,1.0009350309051466,7.027368853913045,right,0.0,right
